{   
    "processing_id": "offline_injector",
    
    "processing_args": {
        "rfi_flags": "kadaneF 8 4 zdot", 
        "temp_filesystem": "/beegfs/", 
        "fscrunch": 1, 
        "snr_threshold": 8.0, 
        "nharmonics": "4", 
        "fft_length": 4194304, 
        "start_accel": -105.0, 
        "end_accel": 105.0, 
        "accel_tol": 1.11, 
        "candidate_limit": 1000, 
        "ddplan": " 0.000 103.800 0.03 1 3460 0.7544\r\n 103.800 167.300 0.05 2 1270 0.1384\r\n 167.300 318.500 0.10 4 1512 0.08242\r\n 318.500 500.100 0.20 8 908 0.02475", 
        "overrides": "both", 
        "birdie_list": "1000.00:0.05,1500.00:0.05,1300.00:0.05", 
        "channel_mask": "932.00:961.00", 
        "ram_limit": 24.0
    },

    "fold_args": {
        "fscrunch": 1, 
        "tscrunch": 1, 
        "fast_nbins": 64, 
        "slow_nbins": 128, 
        "subint_length": 10.0, 
        "nsubband": 64, 
        "snr_cutoff": 8.0, 
        "cand_limit_per_beam": 100, 
        "batch_size": 100, 
        "period_cutoffs": "0:inf:0.001", 
        "channel_mask": "856.0:863.94140625"
    },

    "multi_beam_args": {
        "p_tol": 0.0005, 
        "dm_tol": 0.01, 
        "snr_cutoff": 8.5
    }
}
