{
    "injection": {
        "ID": "inj_000001",
        "global_seed": 586245661526,
        "datetime": "2024-11-11 19:20:33.949083",
        "fb": "/tmp/rsenzel/MMGPS_U_0033_cfbf00349_data_000001_merged.fil",
        "fb_mean": 128.0,
        "fb_sigma": 6.851797971626715
    },
    "pulsars": [
        {
            "ID": "pulsar_slow",
            "seed": 586245661526,
            "create_parfile": 1,
            "RAJ": null,
            "DECJ": null,
            "separation": 0,
            "position_angle": 0,
            "beam_fwhm": 0,
            "PEPOCH": null,
            "FX": [
                0.4718135904152076
            ],
            "PX": [
                2.119481126264242
            ],
            "phase_offset": 0.17047169750149915,
            "DM": 89.38349026324208,
            "SNR": 13.455094320047973,
            "PSD": null,
            "spectral_index": -1.902448995068975,
            "duty_cycle": 0.059436792275434754,
            "profile": "default",
            "micro_structure": 0,
            "scattering_time": 0,
            "scattering_index": -4,
            "DM_smear": 0,
            "binary_period": null,
            "T0": null,
            "A1": null,
            "M1": 1.4,
            "M2": null,
            "inc": null,
            "ecc": 0,
            "AoP": 0,
            "LoAN": 0,
            "double_pulsar": null,
            "mode": "python",
            "pint_N": 12,
            "pint_T": 5,
            "polycos": null
        },
        {
            "ID": "binary_milli_replicate_0",
            "seed": 253424527751,
            "create_parfile": 1,
            "RAJ": null,
            "DECJ": null,
            "separation": 0,
            "position_angle": 0,
            "beam_fwhm": 0,
            "PEPOCH": null,
            "FX": [
                49.18495486705437
            ],
            "PX": [
                0.02033142050659543
            ],
            "phase_offset": 0.6666007071239805,
            "DM": 334.9673500263703,
            "SNR": 29.331222627967374,
            "PSD": null,
            "spectral_index": -2.046636844871734,
            "duty_cycle": 0.20331420506595432,
            "profile": "default",
            "micro_structure": 0,
            "scattering_time": 0,
            "scattering_index": -4,
            "DM_smear": 0,
            "binary_period": 11513.124734778808,
            "T0": null,
            "A1": 2.531654797666868,
            "M1": 1.4,
            "M2": 2.5,
            "inc": 79.99802121371941,
            "ecc": 0.06297023490410382,
            "AoP": 239.97625456463297,
            "LoAN": 0,
            "double_pulsar": null,
            "mode": "python",
            "pint_N": 12,
            "pint_T": 5,
            "polycos": null
        },
        {
            "ID": "binary_milli_replicate_1",
            "seed": 792071613753,
            "create_parfile": 1,
            "RAJ": null,
            "DECJ": null,
            "separation": 0,
            "position_angle": 0,
            "beam_fwhm": 0,
            "PEPOCH": null,
            "FX": [
                158.46129590033863
            ],
            "PX": [
                0.006310689271586747
            ],
            "phase_offset": 0.183127216261612,
            "DM": 95.64797204949794,
            "SNR": 13.860070920371584,
            "PSD": null,
            "spectral_index": -1.8230298571264454,
            "duty_cycle": 0.06310689271586747,
            "profile": "default",
            "micro_structure": 0,
            "scattering_time": 0,
            "scattering_index": -4,
            "DM_smear": 0,
            "binary_period": 6741.748742748116,
            "T0": null,
            "A1": 0.43862310493070994,
            "M1": 1.4,
            "M2": 0.4,
            "inc": 65.49381648784836,
            "ecc": 0.003120720426889214,
            "AoP": 65.92579785418032,
            "LoAN": 0,
            "double_pulsar": null,
            "mode": "python",
            "pint_N": 12,
            "pint_T": 5,
            "polycos": null
        },
        {
            "ID": "binary_milli_replicate_2",
            "seed": 624938090849,
            "create_parfile": 1,
            "RAJ": null,
            "DECJ": null,
            "separation": 0,
            "position_angle": 0,
            "beam_fwhm": 0,
            "PEPOCH": null,
            "FX": [
                33.489121111902094
            ],
            "PX": [
                0.029860443236433526
            ],
            "phase_offset": 0.9951876978080526,
            "DM": 497.61791041498606,
            "SNR": 39.84600632985769,
            "PSD": null,
            "spectral_index": -1.4891959311793124,
            "duty_cycle": 0.29860443236433526,
            "profile": "default",
            "micro_structure": 0,
            "scattering_time": 0,
            "scattering_index": -4,
            "DM_smear": 0,
            "binary_period": 14755.933509768929,
            "T0": null,
            "A1": 5.934759300399638,
            "M1": 1.4,
            "M2": 10.0,
            "inc": 89.85563093424157,
            "ecc": 0.48526810220017824,
            "AoP": 358.26757121089895,
            "LoAN": 0,
            "double_pulsar": null,
            "mode": "python",
            "pint_N": 12,
            "pint_T": 5,
            "polycos": null
        },
        {
            "ID": "binary_milli_replicate_3",
            "seed": 935910989877,
            "create_parfile": 1,
            "RAJ": null,
            "DECJ": null,
            "separation": 0,
            "position_angle": 0,
            "beam_fwhm": 0,
            "PEPOCH": null,
            "FX": [
                303.09876820630075
            ],
            "PX": [
                0.003299254582649314
            ],
            "phase_offset": 0.07928464078101083,
            "DM": 44.24589718660036,
            "SNR": 10.537108504992347,
            "PSD": null,
            "spectral_index": -1.7016401971976551,
            "duty_cycle": 0.032992545826493136,
            "profile": "default",
            "micro_structure": 0,
            "scattering_time": 0,
            "scattering_index": -4,
            "DM_smear": 0,
            "binary_period": 5716.9314963774705,
            "T0": null,
            "A1": 0.10802547090893418,
            "M1": 1.4,
            "M2": 0.1,
            "inc": 62.37853922343032,
            "ecc": 0.0016367670261170787,
            "AoP": 28.5424706811639,
            "LoAN": 0,
            "double_pulsar": null,
            "mode": "python",
            "pint_N": 12,
            "pint_T": 5,
            "polycos": null
        },
        {
            "ID": "binary_milli_replicate_4",
            "seed": 892512886449,
            "create_parfile": 1,
            "RAJ": null,
            "DECJ": null,
            "separation": 0,
            "position_angle": 0,
            "beam_fwhm": 0,
            "PEPOCH": null,
            "FX": [
                175.54070481384994
            ],
            "PX": [
                0.005696684430317391
            ],
            "phase_offset": 0.1619546355281859,
            "DM": 85.16754458645202,
            "SNR": 13.182548336901949,
            "PSD": null,
            "spectral_index": -2.1366368528757453,
            "duty_cycle": 0.05696684430317391,
            "profile": "default",
            "micro_structure": 0,
            "scattering_time": 0,
            "scattering_index": -4,
            "DM_smear": 0,
            "binary_period": 6532.797589665021,
            "T0": null,
            "A1": 0.42731568993074615,
            "M1": 1.4,
            "M2": 0.4,
            "inc": 64.85863906584558,
            "ecc": 0.002735966045821887,
            "AoP": 58.30366879014692,
            "LoAN": 0,
            "double_pulsar": null,
            "mode": "python",
            "pint_N": 12,
            "pint_T": 5,