{
    "injection": {
        "ID": "inj_000001",
        "global_seed": 731182141175,
        "datetime": "2024-11-10 16:03:36.195128",
        "fb": "/tmp/rsenzel/MMGPS_U_0018_cfbf00125_data_000001_merged.fil",
        "fb_mean": 128.0030517578125,
        "fb_sigma": 6.856010350137506
    },
    "pulsars": [
        {
            "ID": "pulsar_slow",
            "seed": 731182141175,
            "create_parfile": 0,
            "RAJ": null,
            "DECJ": null,
            "separation": 0,
            "position_angle": 0,
            "beam_fwhm": 0,
            "PEPOCH": null,
            "FX": [
                0.40042239776793437
            ],
            "PX": [
                2.49736279882014
            ],
            "phase_offset": 0.21024871566527792,
            "DM": 109.07311425431257,
            "SNR": 14.727958901288893,
            "PSD": null,
            "spectral_index": -1.7224186761184765,
            "duty_cycle": 0.07097212754293059,
            "profile": "default",
            "micro_structure": 0,
            "scattering_time": 0,
            "scattering_index": -4,
            "DM_smear": 0,
            "binary_period": null,
            "T0": null,
            "A1": null,
            "M1": 1.4,
            "M2": null,
            "inc": null,
            "ecc": 0,
            "AoP": 0,
            "LoAN": 0,
            "double_pulsar": null,
            "mode": "python",
            "pint_N": 12,
            "pint_T": 5,
            "polycos": null
        },
        {
            "ID": "binary_milli_replicate_0",
            "seed": 289223844098,
            "create_parfile": 0,
            "RAJ": null,
            "DECJ": null,
            "separation": 0,
            "position_angle": 0,
            "beam_fwhm": 0,
            "PEPOCH": null,
            "FX": [
                198.80721865121743
            ],
            "PX": [
                0.005029998441627896
            ],
            "phase_offset": 0.1389654635044102,
            "DM": 73.78790443468304,
            "SNR": 12.446894832141126,
            "PSD": null,
            "spectral_index": -1.9611390474167552,
            "duty_cycle": 0.050299984416278955,
            "profile": "default",
            "micro_structure": 0,
            "scattering_time": 0,
            "scattering_index": -4,
            "DM_smear": 0,
            "binary_period": 22678605.605921734,
            "T0": null,
            "A1": 27.499776123849934,
            "M1": 1.4,
            "M2": 0.1,
            "inc": 64.1689639051323,
            "ecc": 0.0023717211018363872,
            "AoP": 50.02756686158767,
            "LoAN": 0,
            "double_pulsar": null,
            "mode": "python",
            "pint_N": 12,
            "pint_T": 5,
            "polycos": null
        },
        {
            "ID": "binary_milli_replicate_1",
            "seed": 313580612390,
            "create_parfile": 0,
            "RAJ": null,
            "DECJ": null,
            "separation": 0,
            "position_angle": 0,
            "beam_fwhm": 0,
            "PEPOCH": null,
            "FX": [
                33.965968386348315
            ],
            "PX": [
                0.029441233314046255
            ],
            "phase_offset": 0.9807321832429744,
            "DM": 490.4624307052723,
            "SNR": 39.38342986377518,
            "PSD": null,
            "spectral_index": -1.6619729462313506,
            "duty_cycle": 0.29441233314046256,
            "profile": "default",
            "micro_structure": 0,
            "scattering_time": 0,
            "scattering_index": -4,
            "DM_smear": 0,
            "binary_period": 52555174.12097355,
            "T0": null,
            "A1": 1384.038740318629,
            "M1": 1.4,
            "M2": 10.0,
            "inc": 89.42196549728924,
            "ecc": 0.4435746768803143,
            "AoP": 353.0635859674708,
            "LoAN": 0,
            "double_pulsar": null,
            "mode": "python",
            "pint_N": 12,
            "pint_T": 5,
            "polycos": null
        },
        {
            "ID": "binary_milli_replicate_2",
            "seed": 986081848773,
            "create_parfile": 0,
            "RAJ": null,
            "DECJ": null,
            "separation": 0,
            "position_angle": 0,
            "beam_fwhm": 0,
            "PEPOCH": null,
            "FX": [
                42.88272089072682
            ],
            "PX": [
                0.023319415821309163
            ],
            "phase_offset": 0.7696350283210056,
            "DM": 385.96933901889776,
            "SNR": 32.62832090627218,
            "PSD": null,
            "spectral_index": -1.950910686627017,
            "duty_cycle": 0.2331941582130916,
            "profile": "default",
            "micro_structure": 0,
            "scattering_time": 0,
            "scattering_index": -4,
            "DM_smear": 0,
            "binary_period": 45062767.41912925,
            "T0": null,
            "A1": 911.1535683279224,
            "M1": 1.4,
            "M2": 5.0,
            "inc": 83.08905084963017,
            "ecc": 0.11945981991764458,
            "AoP": 277.06861019556203,
            "LoAN": 0,
            "double_pulsar": null,
            "mode": "python",
            "pint_N": 12,
            "pint_T": 5,
            "polycos": null
        },
        {
            "ID": "binary_milli_replicate_3",
            "seed": 173077492651,
            "create_parfile": 0,
            "RAJ": null,
            "DECJ": null,
            "separation": 0,
            "position_angle": 0,
            "beam_fwhm": 0,
            "PEPOCH": null,
            "FX": [
                57.2560568525766
            ],
            "PX": [
                0.01746540112908594
            ],
            "phase_offset": 0.5677724527271013,
            "DM": 286.04736409991517,
            "SNR": 26.168718487267242,
            "PSD": null,
            "spectral_index": -1.790934200373036,
            "duty_cycle": 0.1746540112908594,
            "profile": "default",
            "micro_structure": 0,
            "scattering_time": 0,
            "scattering_index": -4,
            "DM_smear": 0,
            "binary_period": 37898120.81462914,
            "T0": null,
            "A1": 485.9605400758996,
            "M1": 1.4,
            "M2": 2.0,
            "inc": 77.03317358181303,
            "ecc": 0.034072250435502466,
            "AoP": 204.39808298175646,
            "LoAN": 0,
            "double_pulsar": null,
            "mode": "python",
            "pint_N": 12,
            "pint_T": 5,
            "polycos": null
        },
        {
            "ID": "binary_milli_replicate_4",
            "seed": 793933660725,
            "create_parfile": 0,
            "RAJ": null,
            "DECJ": null,
            "separation": 0,
            "position_angle": 0,
            "beam_fwhm": 0,
            "PEPOCH": null,
            "FX": [
                65.79214300483187
            ],
            "PX": [
                0.015199383305185218
            ],
            "phase_offset": 0.48963390707535237,
            "DM": 247.36878400229944,
            "SNR": 23.668285026411276,
            "PSD": null,
            "spectral_index": -2.2533015392868148,
            "duty_cycle": 0.15199383305185218,
            "profile": "default",
            "micro_structure": 0,
            "scattering_time": 0,
            "scattering_index": -4,
            "DM_smear": 0,
            "binary_period": 35124773.33237653,
            "T0": null,
            "A1": 457.2162285012241,
            "M1": 1.4,
            "M2": 2.0,
            "inc": 74.68901721226057,
            "ecc": 0.020965596746815494,
            "AoP": 176.26820654712685,
            "LoAN": 0,
            "double_pulsar": null,
            "mode": "python",
            "pint_N": 12,
            "pint_T": 5,