{
    "injection": {
        "ID": "inj_000001",
        "global_seed": 921388767252,
        "datetime": "2024-11-11 11:30:19.517142",
        "fb": "/tmp/rsenzel/MMGPS_U_0018_cfbf00125_data_000001_merged.fil",
        "fb_mean": 128.0030517578125,
        "fb_sigma": 6.856010350137506
    },
    "pulsars": [
        {
            "ID": "pulsar_slow",
            "seed": 921388767252,
            "create_parfile": 1,
            "RAJ": null,
            "DECJ": null,
            "separation": 0,
            "position_angle": 0,
            "beam_fwhm": 0,
            "PEPOCH": null,
            "FX": [
                0.13744245303865946
            ],
            "PX": [
                7.275772353384312
            ],
            "phase_offset": 0.7132391950930854,
            "DM": 358.0534015710773,
            "SNR": 30.823654242978733,
            "PSD": null,
            "spectral_index": -1.8202482593138978,
            "duty_cycle": 0.21683936657699476,
            "profile": "default",
            "micro_structure": 0,
            "scattering_time": 0,
            "scattering_index": -4,
            "DM_smear": 0,
            "binary_period": null,
            "T0": null,
            "A1": null,
            "M1": 1.4,
            "M2": null,
            "inc": null,
            "ecc": 0,
            "AoP": 0,
            "LoAN": 0,
            "double_pulsar": null,
            "mode": "python",
            "pint_N": 12,
            "pint_T": 5,
            "polycos": null
        },
        {
            "ID": "binary_milli_replicate_0",
            "seed": 741915275583,
            "create_parfile": 1,
            "RAJ": null,
            "DECJ": null,
            "separation": 0,
            "position_angle": 0,
            "beam_fwhm": 0,
            "PEPOCH": null,
            "FX": [
                102.79391449597729
            ],
            "PX": [
                0.009728202344499039
            ],
            "phase_offset": 0.3009724946378979,
            "DM": 153.98138484575946,
            "SNR": 17.631119828412732,
            "PSD": null,
            "spectral_index": -1.9081989074853247,
            "duty_cycle": 0.09728202344499037,
            "profile": "default",
            "micro_structure": 0,
            "scattering_time": 0,
            "scattering_index": -4,
            "DM_smear": 0,
            "binary_period": 7896.853214125578,
            "T0": null,
            "A1": 1.3039428259558266,
            "M1": 1.4,
            "M2": 1.4,
            "inc": 69.02917483913694,
            "ecc": 0.006491061668218098,
            "AoP": 108.35009806964324,
            "LoAN": 0,
            "double_pulsar": null,
            "mode": "python",
            "pint_N": 12,
            "pint_T": 5,
            "polycos": null
        },
        {
            "ID": "binary_milli_replicate_1",
            "seed": 710620743378,
            "create_parfile": 1,
            "RAJ": null,
            "DECJ": null,
            "separation": 0,
            "position_angle": 0,
            "beam_fwhm": 0,
            "PEPOCH": null,
            "FX": [
                44.060207479922724
            ],
            "PX": [
                0.02269621631844739
            ],
            "phase_offset": 0.7481453902912893,
            "DM": 375.3319681941882,
            "SNR": 31.94065248932126,
            "PSD": null,
            "spectral_index": -2.110731144023022,
            "duty_cycle": 0.2269621631844739,
            "profile": "default",
            "micro_structure": 0,
            "scattering_time": 0,
            "scattering_index": -4,
            "DM_smear": 0,
            "binary_period": 12305.567298504631,
            "T0": null,
            "A1": 3.829662895264491,
            "M1": 1.4,
            "M2": 5.0,
            "inc": 82.44436170873868,
            "ecc": 0.10452543106814012,
            "AoP": 269.3323405048642,
            "LoAN": 0,
            "double_pulsar": null,
            "mode": "python",
            "pint_N": 12,
            "pint_T": 5,
            "polycos": null
        },
        {
            "ID": "binary_milli_replicate_2",
            "seed": 288871820491,
            "create_parfile": 1,
            "RAJ": null,
            "DECJ": null,
            "separation": 0,
            "position_angle": 0,
            "beam_fwhm": 0,
            "PEPOCH": null,
            "FX": [
                54.42496356508063
            ],
            "PX": [
                0.018373921349606668
            ],
            "phase_offset": 0.5991007361933334,
            "DM": 301.5548644157,
            "SNR": 27.171223558186668,
            "PSD": null,
            "spectral_index": -1.5893937812618097,
            "duty_cycle": 0.18373921349606667,
            "profile": "default",
            "micro_structure": 0,
            "scattering_time": 0,
            "scattering_index": -4,
            "DM_smear": 0,
            "binary_period": 10836.123886101605,
            "T0": null,
            "A1": 2.4147400545883544,
            "M1": 1.4,
            "M2": 2.5,
            "inc": 77.9730220858,
            "ecc": 0.04139567003842961,
            "AoP": 215.67626502960002,
            "LoAN": 0,
            "double_pulsar": null,
            "mode": "python",
            "pint_N": 12,
            "pint_T": 5,
            "polycos": null
        },
        {
            "ID": "binary_milli_replicate_3",
            "seed": 853570471510,
            "create_parfile": 1,
            "RAJ": null,
            "DECJ": null,
            "separation": 0,
            "position_angle": 0,
            "beam_fwhm": 0,
            "PEPOCH": null,
            "FX": [
                52.97703003973027
            ],
            "PX": [
                0.018876105346978627
            ],
            "phase_offset": 0.6164174257578837,
            "DM": 310.1266257501524,
            "SNR": 27.72535762425228,
            "PSD": null,
            "spectral_index": -1.6634186714640538,
            "duty_cycle": 0.18876105346978628,
            "profile": "default",
            "micro_structure": 0,
            "scattering_time": 0,
            "scattering_index": -4,
            "DM_smear": 0,
            "binary_period": 11006.85054221188,
            "T0": null,
            "A1": 2.4446503466743463,
            "M1": 1.4,
            "M2": 2.5,
            "inc": 78.4925227727365,
            "ecc": 0.04609906768860108,
            "AoP": 221.91027327283814,
            "LoAN": 0,
            "double_pulsar": null,
            "mode": "python",
            "pint_N": 12,
            "pint_T": 5,
            "polycos": null
        },
        {
            "ID": "binary_milli_replicate_4",
            "seed": 932889941911,
            "create_parfile": 1,
            "RAJ": null,
            "DECJ": null,
            "separation": 0,
            "position_angle": 0,
            "beam_fwhm": 0,
            "PEPOCH": null,
            "FX": [
                76.4010516835342
            ],
            "PX": [
                0.013088825061494773
            ],
            "phase_offset": 0.4168560366032681,
            "DM": 211.3437381186177,
            "SNR": 21.33939317130458,
            "PSD": null,
            "spectral_index": -2.0627123531894545,
            "duty_cycle": 0.13088825061494774,
            "profile": "default",
            "micro_structure": 0,
            "scattering_time": 0,
            "scattering_index": -4,
            "DM_smear": 0,
            "binary_period": 9039.358514819074,
            "T0": null,
            "A1": 1.4573955146446844,
            "M1": 1.4,
            "M2": 1.4,
            "inc": 72.50568109809804,
            "ecc": 0.013337730531649982,
            "AoP": 150.0681731771765,
            "LoAN": 0,
            "double_pulsar": null,
            "mode": "python",
            "pint_N": 12,
            "pint_T": 5,